{"loss": [0.9563819169998169, 0.6715179681777954, 0.5586118698120117, 0.3977453410625458, 0.3214399516582489, 0.2728201746940613, 0.25047948956489563, 0.2067302018404007, 0.15919335186481476, 0.19308088719844818, 0.1474280208349228, 0.1342676430940628, 0.12186142057180405, 0.1326662003993988, 0.09434863179922104, 0.08690013736486435, 0.08501004427671432, 0.07478956878185272, 0.06566057354211807, 0.06063312292098999, 0.042239490896463394, 0.05772759020328522, 0.03908757492899895, 0.05040450394153595, 0.08873182535171509, 0.03941098228096962, 0.0317571796476841, 0.03128334879875183, 0.04321518912911415, 0.05305448919534683], "accuracy": [0.5007948875427246, 0.6947535872459412, 0.7925277948379517, 0.8616852164268494, 0.8831478357315063, 0.9050079584121704, 0.9149443507194519, 0.9264705777168274, 0.9407790303230286, 0.9276629686355591, 0.9471383094787598, 0.9515103101730347, 0.9590619802474976, 0.9570747017860413, 0.9658187627792358, 0.9682034850120544, 0.9717805981636047, 0.9733704328536987, 0.9777424335479736, 0.9781398773193359, 0.9841017723083496, 0.9789348244667053, 0.9860890507698059, 0.9781398773193359, 0.970588207244873, 0.9837042689323425, 0.9900636076927185, 0.9880763292312622, 0.9841017723083496, 0.9829093813896179], "val_loss": [0.7811841368675232, 0.4746262729167938, 0.45892858505249023, 0.3194752633571625, 0.3488937318325043, 0.2637766897678375, 0.22618304193019867, 0.19920197129249573, 0.22117185592651367, 0.16731661558151245, 0.18949151039123535, 0.14566682279109955, 0.2347799688577652, 0.16041035950183868, 0.2337736338376999, 0.12917156517505646, 0.11746436357498169, 0.15904730558395386, 0.11650817096233368, 0.17776820063591003, 0.11218591034412384, 0.10750577598810196, 0.16248488426208496, 0.14955440163612366, 0.12876823544502258, 0.12283775955438614, 0.13657885789871216, 0.139995276927948, 0.11715362966060638, 0.14686618745326996], "val_accuracy": [0.6222222447395325, 0.803174614906311, 0.855555534362793, 0.8857142925262451, 0.8746031522750854, 0.9031745791435242, 0.9158729910850525, 0.9253968000411987, 0.934920608997345, 0.934920608997345, 0.938095211982727, 0.9539682269096375, 0.9222221970558167, 0.9476190209388733, 0.9301587343215942, 0.9603174328804016, 0.9603174328804016, 0.9539682269096375, 0.9666666388511658, 0.9476190209388733, 0.9682539701461792, 0.9650793671607971, 0.9634920358657837, 0.958730161190033, 0.9539682269096375, 0.9666666388511658, 0.9634920358657837, 0.9555555582046509, 0.9603174328804016, 0.9571428298950195]}